Consulta,Últimos 28 días Clics,28 días anteriores Clics,Últimos 28 días Impresiones,28 días anteriores Impresiones,Últimos 28 días CTR,28 días anteriores CTR,Últimos 28 días Posición,28 días anteriores Posición
leroy merlin,1503694,1158118,2009695,1547634,74.82%,74.83%,1.55,1.38
leroy,50309,36952,64546,47650,77.94%,77.55%,1.91,2.08
leroymerlin,33755,25698,44427,33288,75.98%,77.2%,2.11,2.05
leroy merlín,17844,13859,22085,17870,80.8%,77.55%,1.04,1.03
leroy merlin online,13057,9628,18767,14942,69.57%,64.44%,1.21,1.22
leroy merlin tenerife,12644,8517,16887,12727,74.87%,66.92%,2.63,3.07
leroy merlin malaga,9978,8300,15736,15394,63.41%,53.92%,3.62,3.92
cocinas leroy merlin,9267,5874,13154,8498,70.45%,69.12%,1,1
cortinas leroy merlin,9088,5769,12260,8167,74.13%,70.64%,1.04,1.06
papel pintado leroy merlin,8904,5590,11899,7836,74.83%,71.34%,1,1
estores leroy merlin,8263,5338,10741,7413,76.93%,72.01%,1.02,1.01
alfombras leroy merlin,8204,6564,11841,8690,69.28%,75.54%,1,1
puertas leroy merlin,7996,5065,10773,7116,74.22%,71.18%,1,1
leroy merlyn,7538,5565,9888,7588,76.23%,73.34%,1.84,1.91
leroy merlin telde,7494,5448,10110,8210,74.12%,66.36%,3.76,3.91
leroy merlin palma,6251,4558,9657,8082,64.73%,56.4%,3.59,3.78
leroy merlin murcia,6207,5107,10516,9415,59.02%,54.24%,3.43,3.96
lamparas leroy merlin,6077,4646,8408,6574,72.28%,70.67%,1,1
leroy merlin alfombras,5564,4469,7362,5504,75.58%,81.2%,1,1
leroy merlin cordoba,5389,3022,9598,6718,56.15%,44.98%,3.97,4.16
leroy merlin spain,5173,3297,6713,4499,77.06%,73.28%,1.75,2.08
leroy merlin girona,5024,4550,9412,9778,53.38%,46.53%,3.81,4.08
leroy merlin cocinas,4857,3284,6356,4359,76.42%,75.34%,1.01,1
leroy merlin alicante,4838,3822,9446,8449,51.22%,45.24%,3.94,4.06
muebles de baño,4783,2593,47715,31375,10.02%,8.26%,2.71,2.93
leroy merlin las palmas,4628,4000,6724,5991,68.83%,66.77%,3.64,3.84
estanterias leroy merlin,4622,3286,7404,5118,62.43%,64.2%,1,1
espejos leroy merlin,4601,3853,6255,5164,73.56%,74.61%,1,1
leroy merlin granada,4583,3679,7973,7423,57.48%,49.56%,2.95,3.47
leroy merlin barcelona,4498,3235,11793,9548,38.14%,33.88%,1.41,1.42
leroy merlin baños,4403,2804,5816,3744,75.7%,74.89%,1,1.02
leroy merlin españa,4196,3116,5359,4009,78.3%,77.73%,1.24,1.3
ventanas leroy merlin,4152,2542,5168,3190,80.34%,79.69%,1,1
leroy merlin empleo,4109,476,9993,4061,41.12%,11.72%,1.02,1.07
leroy merlin papel pintado,4031,2323,4884,2840,82.53%,81.8%,1,1
leroy merlin elche,4022,3248,7611,7437,52.84%,43.67%,3.92,4.15
leroy merlin lamparas,4018,3296,5357,4329,75%,76.14%,1,1
tableros leroy merlin,3974,3154,4797,3873,82.84%,81.44%,1,1
leroy merlin badajoz,3852,3035,7210,6553,53.43%,46.31%,3.98,4.11
leroy merlin es,3835,3353,6033,4630,63.57%,72.42%,3.88,1.76
leroy merlin sevilla,3829,2788,8347,6911,45.87%,40.34%,1.5,1.53
leroy merlin cortinas,3828,2589,4737,3398,80.81%,76.19%,1.04,1.24
estufas de pellets,3760,2621,19436,16072,19.35%,16.31%,1.1,1.17
leroy merlin puertas,3648,2328,4610,3029,79.13%,76.86%,1.01,1
leroy merlin.es,3504,2673,4259,3367,82.27%,79.39%,1.5,1.77
aire acondicionado,3430,2003,37353,22665,9.18%,8.84%,3.63,3.13
leeoy merlin,3362,2612,4338,3529,77.5%,74.02%,1.72,1.81
leroy merlin la laguna,3325,2280,4754,3908,69.94%,58.34%,3.34,3.62
cuadros leroy merlin,3312,2173,4485,3091,73.85%,70.3%,1,1
leroy merlin huelva,3272,1904,5713,4067,57.27%,46.82%,4.05,4.22
leroy merlin castellon,3252,2532,5560,5367,58.49%,47.18%,3.75,3.97
leroy merlin canarias,3205,2551,3937,3327,81.41%,76.68%,1.27,1.39
suelo vinilico,3194,1644,15142,9452,21.09%,17.39%,1.17,1.11
leroy merlin jerez,3194,2160,5503,4842,58.04%,44.61%,4.15,4.23
leroy merlin sabadell,3168,2705,6545,6947,48.4%,38.94%,3.59,4.02
leroy merlin valencia,3150,2522,7070,6389,44.55%,39.47%,1.53,1.55
campana extractora,3097,1915,28973,20218,10.69%,9.47%,1.78,1.69
estufa de pellets,3082,2106,19570,17050,15.75%,12.35%,1.09,1.5
leroy merlin sant boi,3069,2548,7090,7669,43.29%,33.22%,3.83,4.24
armarios leroy merlin,3052,1656,6667,4278,45.78%,38.71%,1.01,1.02
azulejos leroy merlin,3000,1401,4061,2052,73.87%,68.27%,1.07,1.14
termo electrico,2988,2000,19549,14058,15.28%,14.23%,1.7,1.51
leroy merlin tarragona,2963,2473,5580,5930,53.1%,41.7%,3.82,4.06
leroy merlin madrid,2929,2370,7799,6716,37.56%,35.29%,1.49,1.51
cesped artificial,2917,1613,16200,10510,18.01%,15.35%,1.98,2.23
leroy merlin albacete,2909,2506,5331,4900,54.57%,51.14%,4.01,4.15
muebles de baño leroy merlin,2863,2254,6139,3378,46.64%,66.73%,1,1
leroy merlin pamplona,2850,2441,4742,4976,60.1%,49.06%,3.62,3.88
estufa pellets,2801,2159,17020,15126,16.46%,14.27%,1.18,1.28
platos de ducha,2772,1394,16867,11070,16.43%,12.59%,1.1,1.4
lamparas de techo,2758,1691,61834,41411,4.46%,4.08%,2.4,2.44
papel pintado,2714,1601,35567,22941,7.63%,6.98%,3.32,3.15
leroy merlin cartagena,2686,2122,4500,4025,59.69%,52.72%,3.67,3.88
muebles de cocina,2679,1627,26962,20130,9.94%,8.08%,5.32,5.5
encimeras leroy merlin,2679,1486,3216,1850,83.3%,80.32%,1,1
leroy merlin estores,2618,1391,4808,3279,54.45%,42.42%,1.02,1.03
leroymerlin.es,2599,2108,3399,2675,76.46%,78.8%,1.7,1.82
leroy merlin la zenia,2554,1845,4398,3510,58.07%,52.56%,3.72,3.75
leroy merlin zaragoza,2534,2359,4637,4513,54.65%,52.27%,3.72,3.81
leroy merlin gijon,2513,1999,4631,4638,54.26%,43.1%,3.81,3.93
leroy merlin espejos,2480,1930,2993,2407,82.86%,80.18%,1,1
leroy merlin gandia,2446,1893,4370,4044,55.97%,46.81%,3.87,4.04
leroy merlin marbella,2425,1931,4154,4102,58.38%,47.07%,3.69,4.04
baños leroy merlin,2417,1423,3472,1970,69.61%,72.23%,1.02,1.04
leroy merlin badalona,2389,2354,5051,5937,47.3%,39.65%,3.62,3.97
muebles baño leroy merlin,2372,2155,4784,3013,49.58%,71.52%,1,1
cocinas,2368,1256,42937,29149,5.52%,4.31%,3.8,4.37
leroy merlin catálogo,2363,1711,5365,3946,44.04%,43.36%,1.1,1.12
mampara ducha,2346,1299,13984,9002,16.78%,14.43%,1.28,1.27
mamparas leroy merlin,2321,1491,3006,2106,77.21%,70.8%,1,1
lamparas de pie,2260,1394,19326,14861,11.69%,9.38%,2.06,2.56
estufas de gas,2246,1621,18342,15829,12.25%,10.24%,1.57,1.76
leroy merlin barakaldo,2226,1897,4142,3758,53.74%,50.48%,3.69,3.74
madera leroy merlin,2185,1716,2803,2249,77.95%,76.3%,1.01,1.02
suelos leroy merlin,2181,1404,3262,1904,66.86%,73.74%,1,1
ventanas pvc,2170,1141,14046,9187,15.45%,12.42%,3.06,3.9
leroy merlun,2153,1688,2833,2373,76%,71.13%,2.24,2.41
puertas de interior,2138,1072,14712,9186,14.53%,11.67%,1.98,1.64
estanterias metalicas,2125,1430,16223,11208,13.1%,12.76%,2.69,2.89
leroy merlin logroño,2116,2047,3907,4405,54.16%,46.47%,3.86,4.11
leroy merlin estanterias,2098,1605,3185,2279,65.87%,70.43%,1.01,1
puertas correderas,2091,1359,23529,16435,8.89%,8.27%,1.83,1.87
baldas leroy merlin,2086,1271,2698,2096,77.32%,60.64%,1,1.21
estufas de leña,2073,1659,23608,21314,8.78%,7.78%,1.77,2.06
cortinas,2055,1303,25143,18513,8.17%,7.04%,3.23,3.72
puertas correderas leroy merlin,2038,1294,3108,1993,65.57%,64.93%,1,1
leroy merlin almeria,2028,1582,3891,3348,52.12%,47.25%,3.92,3.66
lamparas de pie leroy merlin,2005,1574,3097,2421,64.74%,65.01%,1,1
cojines leroy merlin,1999,1241,2824,1882,70.79%,65.94%,1,1
campanas extractoras,1970,1239,16132,10873,12.21%,11.4%,1.81,1.88
leroy merlin salamanca,1970,1657,4377,4081,45.01%,40.6%,3.85,4.06
lavabos leroy merlin,1955,1143,2941,1777,66.47%,64.32%,1.09,1.14
leroy merlin tableros,1931,1535,2247,1844,85.94%,83.24%,1,1
maderas leroy merlin,1927,1378,2350,1714,82%,80.4%,1.01,1
alfombra leroy merlin,1926,1789,2616,2333,73.62%,76.68%,1,1
leroy merlin ourense,1917,1877,4643,5418,41.29%,34.64%,4.02,4.24
leroy merlin toledo,1912,1663,3906,3675,48.95%,45.25%,4.05,4.07
cocina leroy merlin,1912,1210,2547,1654,75.07%,73.16%,1.01,1.01
leroy merlin santander,1911,1684,3484,3603,54.85%,46.74%,3.61,3.86
leroy merlin santiago,1900,1558,3943,3854,48.19%,40.43%,3.85,4.04
muebles de cocina leroy merlin,1895,1202,2930,1825,64.68%,65.86%,1.01,1.02
leroy merlin mallorca,1869,1541,2936,2689,63.66%,57.31%,2,1.94
ventanas de aluminio,1860,996,16295,9896,11.41%,10.06%,4.64,5.24
leroy merlon,1860,1519,2424,2035,76.73%,74.64%,1.41,1.34
mamparas de ducha,1859,1317,13142,11079,14.15%,11.89%,1.89,1.97
pintura leroy merlin,1852,1203,2223,1488,83.31%,80.85%,1.02,1.02
leroy merlin madera,1850,1295,2178,1631,84.94%,79.4%,1.02,1.02
leroy merlin muebles baño,1846,1799,3710,2365,49.76%,76.07%,1,1
leroy merlin espagne,1842,1233,2502,1817,73.62%,67.86%,1.5,2
leroy merlin iluminacion,1838,1425,2227,1866,82.53%,76.37%,1.02,1
estanteria leroy merlin,1815,1484,2837,2098,63.98%,70.73%,1,1.01
grifos de cocina,1801,1243,11657,8640,15.45%,14.39%,1.17,1.17
leroy merlin armarios,1795,1067,3805,2761,47.17%,38.65%,1.13,1.26
aire acondicionado leroy merlin,1765,892,2526,1410,69.87%,63.26%,1.01,1
pintura antihumedad,1758,904,6801,4388,25.85%,20.6%,2.34,3.42
tablero leroy merlin,1756,1395,2145,1722,81.86%,81.01%,1,1
leroy merlin oiartzun,1754,1540,3753,3471,46.74%,44.37%,3.87,4.01
zapatero leroy merlin,1753,1069,3838,2883,45.67%,37.08%,1,1
calentador electrico,1740,1276,14257,11095,12.2%,11.5%,2.34,2.34
lamparas de techo leroy merlin,1735,1068,3118,2366,55.64%,45.14%,1,1
cesped artificial leroy merlin,1734,1069,2261,1466,76.69%,72.92%,1,1
tiradores leroy merlin,1705,1062,2181,1375,78.18%,77.24%,1.01,1
leroy merlin rivas,1703,1538,4038,3819,42.17%,40.27%,3.54,3.7
fregaderos leroy merlin,1697,980,2276,1340,74.56%,73.13%,1.03,1
leroy merlin valladolid,1691,1520,4533,4474,37.3%,33.97%,4.66,4.89
leroy merlin ventanas,1689,1115,2053,1373,82.27%,81.21%,1,1.02
platos de ducha leroy merlin,1677,812,2482,1183,67.57%,68.64%,1,1
termo electrico leroy merlin,1656,1303,2273,1790,72.86%,72.79%,1.01,1
termos electricos,1655,1094,9393,6788,17.62%,16.12%,1.38,1.34
leroy.merlin,1652,1356,2257,1896,73.19%,71.52%,1.72,1.38
leroy merlin oviedo,1646,1404,3249,3188,50.66%,44.04%,3.5,3.75
toldos leroy merlin,1642,845,2511,1366,65.39%,61.86%,1.17,1.09
leroy merli,1630,1207,2334,1768,69.84%,68.27%,2.25,2.05
panel sandwich,1629,961,14769,10592,11.03%,9.07%,2.38,2.98
encimeras de cocina,1616,1350,10809,8611,14.95%,15.68%,2.14,1.99
leroy merlin coruña,1605,1385,3105,3042,51.69%,45.53%,4.07,4.24
fundas nordicas,1598,1012,28778,18243,5.55%,5.55%,7.9,7.35
chimenea electrica,1588,999,16348,14097,9.71%,7.09%,1.51,1.62
cocinas baratas,1585,670,11131,6931,14.24%,9.67%,4.75,6.66
barbacoa leroy merlin,1571,1409,2184,2056,71.93%,68.53%,1,1
leroy merlin cuadros,1571,1197,1871,1476,83.97%,81.1%,1,1
tableros de madera,1546,1045,7121,5616,21.71%,18.61%,2.55,2.43
letoy merlin,1539,1189,2073,1643,74.24%,72.37%,1.61,1.35
parquet leroy merlin,1534,1220,2566,1836,59.78%,66.45%,2.55,3.59
zapateros leroy merlin,1520,763,3454,2018,44.01%,37.81%,1,1
leroy merlin ciudad real,1517,1495,3406,3763,44.54%,39.73%,4.03,4.2
calefactor leroy merlin,1503,1093,2017,1471,74.52%,74.3%,1,1
papel pintado leroy,1498,717,2094,1048,71.54%,68.42%,1,1
metacrilato leroy merlin,1491,832,2065,1243,72.2%,66.93%,1.04,1.04
puertas de entrada,1482,781,8476,5287,17.48%,14.77%,1.58,2.28
alfombras,1476,1016,22331,17182,6.61%,5.91%,4.43,5.05
tarjeta leroy merlin,1462,1174,1858,1720,78.69%,68.26%,1.01,1.23
leroy merlin artea,1456,1179,2714,2319,53.65%,50.84%,3.42,3.6
casetas de jardin,1453,798,9629,7227,15.09%,11.04%,1.29,1.25
pintura para azulejos,1452,696,8921,5320,16.28%,13.08%,2.85,3.03
espejo leroy merlin,1445,1281,1887,1629,76.58%,78.64%,1,1
azulejos baño leroy merlin,1442,788,2187,1299,65.94%,60.66%,1,1
calderas de gas,1432,1042,13689,10380,10.46%,10.04%,2.59,2.5
lery merlin,1431,991,2017,1473,70.95%,67.28%,4.14,4.43
leroy merlin la orotava,1421,856,2277,1606,62.41%,53.3%,3.84,4.09
estores,1416,799,17044,11687,8.31%,6.84%,2.75,2.95
leroy merlin alcorcon,1414,1192,3996,3726,35.39%,31.99%,3.86,3.79
muebles baño,1412,909,13530,8708,10.44%,10.44%,2.39,2.43
leroy merlin horario,1408,2181,12609,18951,11.17%,11.51%,1.86,1.78
listones de madera,1403,786,8765,6343,16.01%,12.39%,3.18,3.63
toallero electrico,1401,1025,8182,6160,17.12%,16.64%,1.41,1.27
papel de pared,1400,759,10335,6843,13.55%,11.09%,1.87,2.51
leroy merlin los barrios,1395,1095,2515,2471,55.47%,44.31%,3.81,4.01
mueble baño leroy merlin,1387,1413,2753,1854,50.38%,76.21%,1,1
leroy merlin vigo,1383,1309,4351,4329,31.79%,30.24%,1.66,1.71
leroy merlin mamparas,1383,844,1749,1063,79.07%,79.4%,1.01,1.01
deshumidificador leroy merlin,1382,586,2166,1835,63.8%,31.93%,1.09,1.09
alfombras vinilicas,1378,793,7767,5777,17.74%,13.73%,1.11,2.06
pladur leroy merlin,1376,981,1854,1247,74.22%,78.67%,1.34,1.25
leroi merlin,1351,1073,2446,1844,55.23%,58.19%,3.88,3.84
pinturas leroy merlin,1349,809,1594,975,84.63%,82.97%,1.01,1
estanterias,1340,891,16414,11171,8.16%,7.98%,2.43,2.3
leroy melin,1339,1185,2964,2853,45.18%,41.54%,2.33,2.52
encimera leroy merlin,1335,915,1504,1060,88.76%,86.32%,1.01,1
plato de ducha,1327,683,10106,6492,13.13%,10.52%,1.44,2.25
www.leroymerlin.es,1323,828,1805,1120,73.3%,73.93%,2,2.05
leroy merlin sant cugat,1322,1572,4122,5422,32.07%,28.99%,3.95,4.21
mampara leroy merlin,1319,815,1698,1109,77.68%,73.49%,1.01,1
club leroy merlin,1314,1477,1661,1801,79.11%,82.01%,1.02,1.01
azulejos baño,1310,764,11451,6956,11.44%,10.98%,2.97,3.14
plafones leroy merlin,1309,866,2214,1443,59.12%,60.01%,1.04,1.01
marcos leroy merlin,1291,1359,1602,1665,80.59%,81.62%,1,1
leroy merlin productos,1291,900,1553,1144,83.13%,78.67%,1,1
calentadores de gas,1290,1000,8767,7055,14.71%,14.17%,2.04,1.72
estufas leroy merlin,1289,1098,2148,1828,60.01%,60.07%,1.12,1.13
grifos leroy merlin,1285,858,1997,1428,64.35%,60.08%,1.01,1.02
vinilos leroy merlin,1284,833,1773,1250,72.42%,66.64%,1.01,1.03
leroy y merlin,1283,866,1735,1290,73.95%,67.13%,1.87,1.76
calentador de agua,1268,838,11968,9521,10.59%,8.8%,3.13,2.7
patas leroy merlin,1264,1003,1633,1300,77.4%,77.15%,1,1
cajoneras leroy merlin,1244,762,3347,2450,37.17%,31.1%,1.01,1
escritorios leroy merlin,1244,943,2024,1450,61.46%,65.03%,1.04,1.04
zapateros,1243,604,18695,12743,6.65%,4.74%,3.33,3.44
mamparas de baño,1240,604,10798,7069,11.48%,8.54%,2.74,3.21
lavabo leroy merlin,1238,850,1878,1297,65.92%,65.54%,1.78,2.04
fregadero leroy merlin,1232,808,1508,1053,81.7%,76.73%,1.01,1.01
campana extractora leroy merlin,1231,830,1942,1314,63.39%,63.17%,1,1
ofertas leroy merlin,1230,678,2668,1617,46.1%,41.93%,1.14,1.33
leroy merlin ondara,1223,1083,2564,2377,47.7%,45.56%,3.71,3.83
espuma de poliuretano,1219,656,10438,7984,11.68%,8.22%,3.64,5.08
leroy merlin vic,1216,1362,2818,3398,43.15%,40.08%,3.99,4.11
leroy merlin finestrat,1209,946,2720,2324,44.45%,40.71%,3.92,4
suelo laminado leroy merlin,1209,544,2594,1751,46.61%,31.07%,1,1
papel pintado ikea,1208,602,4800,2691,25.17%,22.37%,1.01,1.03
puerta corredera,1206,618,11072,8147,10.89%,7.59%,1.84,1.84
plato de ducha leroy merlin,1195,688,1626,1008,73.49%,68.25%,1,1
lamparas techo leroy merlin,1194,771,2137,1542,55.87%,50%,1,1
leroy merlin utebo,1190,1026,2511,2366,47.39%,43.36%,3.68,3.88
pintura a la tiza,1189,671,9384,6438,12.67%,10.42%,3.77,3.62
alfombras leroy,1188,698,2044,1166,58.12%,59.86%,1,1
leroy merlin jardin,1187,675,2110,1366,56.26%,49.41%,1.87,2.52
estores leroy,1185,600,1668,897,71.04%,66.89%,1.03,1.07
papeles pintados leroy merlin,1183,510,1796,770,65.87%,66.23%,1,1
aislante termico,1181,879,7291,5517,16.2%,15.93%,3,2.79
aire acondicionado portatil,1177,568,10170,6511,11.57%,8.72%,6.13,8.57
puerta corredera leroy merlin,1176,785,1598,1038,73.59%,75.63%,1.01,1
leroy merlin benidorm,1174,798,2495,1984,47.05%,40.22%,3.87,4.15
leroy merlin marratxi,1171,829,1979,1625,59.17%,51.02%,3.06,3.36
leroy merlin decoracion,1159,582,1801,984,64.35%,59.15%,1,1
suelo laminado,1158,700,8368,5500,13.84%,12.73%,1.31,1.25
suelo vinilico leroy merlin,1154,462,2123,1462,54.36%,31.6%,1,1
leroy merlin gran canaria,1150,789,1649,1257,69.74%,62.77%,1.58,1.52
ventiladores de techo,1149,473,9356,5856,12.28%,8.08%,4.13,5.53
puertas,1148,589,13608,9289,8.44%,6.34%,3.58,3.37
accesorios baño leroy merlin,1144,811,1621,1224,70.57%,66.26%,1.01,1
catalogo leroy merlin,1133,883,3463,2859,32.72%,30.88%,1.14,1.15
leroy merlin suelos,1130,783,1663,975,67.95%,80.31%,1.01,1
leroy merlin pinturas,1122,710,1341,877,83.67%,80.96%,1.01,1.06
barbacoas leroy merlin,1119,1057,1670,1561,67.01%,67.71%,1.01,1
mueble baño,1117,735,11344,7960,9.85%,9.23%,2.1,2.08
comodas leroy merlin,1117,612,2164,1213,51.62%,50.45%,1.05,1.08
tarima flotante leroy merlin,1109,923,1915,1288,57.91%,71.66%,1.01,1
campanas extractoras leroy merlin,1106,643,1866,1205,59.27%,53.36%,1.01,1
pergolas leroy merlin,1100,666,1765,1067,62.32%,62.42%,1.05,1.41
leroy merlin aire acondicionado,1099,445,1336,606,82.26%,73.43%,1.03,1
leriy merlin,1094,781,1419,1042,77.1%,74.95%,2.18,2.33
radiadores leroy merlin,1091,749,1552,1068,70.3%,70.13%,1.03,1.05
armario leroy merlin,1089,688,2420,1926,45%,35.72%,1.05,1.12
ventanas pvc leroy merlin,1083,701,1423,928,76.11%,75.54%,1,1
estufa de gas,1080,821,8559,7543,12.62%,10.88%,1.45,1.59
estor leroy merlin,1080,539,2088,1507,51.72%,35.77%,1.01,1
plato ducha leroy merlin,1077,719,1475,982,73.02%,73.22%,1,1
mampara bañera,1072,690,5053,3498,21.22%,19.73%,1.04,1.06
mesas de cocina,1070,713,12618,8973,8.48%,7.95%,3.42,3.88
muebles cocina leroy merlin,1070,798,1427,1061,74.98%,75.21%,1.01,1.02
estufas de parafina,1068,582,4508,3900,23.69%,14.92%,1.05,1.63
leroy merlin pintura,1067,664,1251,812,85.29%,81.77%,1.03,1.03
suelos vinilicos,1053,485,7280,4512,14.46%,10.75%,3.47,3.4
listones de madera leroy merlin,1053,793,1577,1169,66.77%,67.84%,1.01,1
leroy merlin lamparas de pie,1051,981,1489,1326,70.58%,73.98%,1.01,1.02
leroy merlin lamparas de techo,1046,644,1731,1236,60.43%,52.1%,1,1
placas de pladur,1044,601,2631,1695,39.68%,35.46%,1.11,1.03
leory merlin,1043,784,1484,1088,70.28%,72.06%,3.47,3.73
tela asfaltica,1037,428,5803,4103,17.87%,10.43%,2.36,3.88
azulejos cocina leroy merlin,1030,574,1746,995,58.99%,57.69%,1,1
leroy merlin figueres,1028,873,3447,3605,29.82%,24.22%,5.67,5.96
escaleras leroy merlin,1019,813,1549,1256,65.78%,64.73%,1.01,1
mampara ducha leroy merlin,1018,671,1349,965,75.46%,69.53%,1.01,1
leroy merlin vitoria,1017,849,3228,2915,31.51%,29.13%,4.79,5.19
leroy merlin azulejos,1013,571,1449,788,69.91%,72.46%,1.64,1.58
extractor baño,1008,682,5055,3829,19.94%,17.81%,1.54,1.57
camaras de vigilancia,1007,822,16102,14924,6.25%,5.51%,4.14,3.78
puertas exterior leroy merlin,1004,634,1575,952,63.75%,66.6%,1,1
lampara leroy merlin,1001,949,1464,1416,68.37%,67.02%,1,1
tarima leroy merlin,1000,849,1687,1134,59.28%,74.87%,1.01,1
leroy merlin sagunto,989,851,2503,2476,39.51%,34.37%,3.96,4.13
extractor cocina,984,691,9429,7306,10.44%,9.46%,1.4,1.36
tendedero,982,717,12028,8809,8.16%,8.14%,1.8,1.57
armarios,979,636,20240,14929,4.84%,4.26%,4.03,3.39
compresor de aire,973,960,12928,12497,7.53%,7.68%,3.84,3.85
tendedero leroy merlin,970,739,1181,944,82.13%,78.28%,1,1
pellets leroy merlin,967,853,1276,1176,75.78%,72.53%,1.5,1.67
leroy merlin cesped artificial,965,486,1171,627,82.41%,77.51%,1,1
leroy merlin las rozas,962,955,3019,3220,31.86%,29.66%,3.61,3.79
perchero de pie,959,0,10532,0,9.11%,0%,3.53,0
leroy merlin marcos,953,908,1103,1085,86.4%,83.69%,1,1
lampara de pie,951,759,11995,9595,7.93%,7.91%,3.43,3.2
radiadores electricos,948,509,8475,7076,11.19%,7.19%,1.78,2.84
mesas de cocina leroy merlin,947,631,1603,1126,59.08%,56.04%,1.01,1
leroy merlin lavabos,944,596,1365,861,69.16%,69.22%,1.14,1.14
escaleras de aluminio,934,672,8146,6422,11.47%,10.46%,2.96,3.35
sillas escritorio leroy merlin,931,1239,1827,2369,50.96%,52.3%,1.02,1.02
leroy merlin encimeras,930,621,1054,719,88.24%,86.37%,1.02,1
espejos baño leroy merlin,926,742,1335,996,69.36%,74.5%,1.01,1
moqueta leroy merlin,921,608,1392,849,66.16%,71.61%,1.01,1
copopren,920,695,3205,2490,28.71%,27.91%,1.13,1.18
leroy merlim,918,704,1870,1115,49.09%,63.14%,4.25,3.69
accesorios baño,915,530,8799,6320,10.4%,8.39%,3.12,3.5
motosierra leroy merlin,912,770,1205,982,75.68%,78.41%,1,1
cajonera leroy merlin,911,429,2216,1476,41.11%,29.07%,1,1
chimeneas electricas,904,493,11607,11232,7.79%,4.39%,2.55,3.63
pellet leroy merlin,904,961,1157,1358,78.13%,70.77%,2.4,2.54
telas leroy merlin,900,525,1093,650,82.34%,80.77%,1.21,1.16
inodoros leroy merlin,897,583,1325,857,67.7%,68.03%,1,1
leroy merlin trabajo,895,0,2533,0,35.33%,0%,1.23,0
mesitas de noche leroy merlin,894,556,1696,1092,52.71%,50.92%,1,1
estanterias metalicas leroy merlin,894,611,1458,968,61.32%,63.12%,1.01,1
leroy merlin puerto venecia,885,515,2094,1458,42.26%,35.32%,3.41,3.79
pellets,884,605,14935,11899,5.92%,5.08%,4.13,4.23
friso leroy merlin,884,681,1102,922,80.22%,73.86%,1,1.08
leroy merlin parquet,875,691,1453,948,60.22%,72.89%,2.85,3.57
wc leroy merlin,874,549,1309,857,66.77%,64.06%,3.28,4.3
leroy merlin espejos baño,874,692,1179,870,74.13%,79.54%,1.01,1
calentadores de gas butano,873,512,5074,3413,17.21%,15%,1.13,1.7
cuadros,871,473,26592,18830,3.28%,2.51%,4.25,5.54
duchas leroy merlin,871,591,1389,954,62.71%,61.95%,1.05,1.03
leroy merlin cojines,871,558,1002,703,86.93%,79.37%,1,1
mamparas de ducha leroy merlin,870,529,1204,797,72.26%,66.37%,1.01,1
funda nordica,866,710,17827,10830,4.86%,6.56%,3.79,3.52
puertas de interior leroy merlin,866,404,1353,629,64.01%,64.23%,1.01,1.02
muebles cocina,863,499,6680,4982,12.92%,10.02%,4.32,4.86
bañeras leroy merlin,861,530,1220,768,70.57%,69.01%,1,1
tableros de madera leroy merlin,859,538,1367,891,62.84%,60.38%,1,1
leroy merling,859,690,1132,892,75.88%,77.35%,1.87,1.51
grifos de cocina leroy merlin,857,621,1346,1024,63.67%,60.64%,1,1
caldera de pellets,853,669,4830,4316,17.66%,15.5%,2.03,2.09
estufas de gas leroy merlin,850,620,1134,910,74.96%,68.13%,1,1
iluminacion leroy merlin,850,624,1007,779,84.41%,80.1%,1,1
leroy merlin mos,849,816,1827,2050,46.47%,39.8%,3.81,4.05
leroy merlin grifos cocina,843,638,1171,902,71.99%,70.73%,1,1
inodoro leroy merlin,843,622,1089,827,77.41%,75.21%,1,1
armario escobero,842,476,4709,3018,17.88%,15.77%,1.16,1.25
bloques de hormigon,840,619,5064,3756,16.59%,16.48%,2.89,2.81
mamparas de bañera,838,474,3842,2713,21.81%,17.47%,1.04,1.09
lámparas leroy merlin,837,669,1165,887,71.85%,75.42%,1,1
escuadras leroy merlin,835,610,1339,1023,62.36%,59.63%,1,1
puerta leroy merlin,833,522,1122,757,74.24%,68.96%,1,1
leroy merlin puertas interior,832,319,1057,431,78.71%,74.01%,1,1
bañeras,826,441,7184,4945,11.5%,8.92%,2.48,2.94
leroy merlin alboraya,826,643,2102,2003,39.3%,32.1%,3.65,3.74
leroy merlin radiadores,825,493,1016,687,81.2%,71.76%,1.02,1.03
leroy merlin vilanova,823,853,2251,2473,36.56%,34.49%,4.23,4.41
leroy merlin palencia,823,806,1836,2227,44.83%,36.19%,3.99,4.22
puertas interior leroy merlin,823,504,1091,707,75.44%,71.29%,1,1
calentador de agua electrico,822,605,6404,5212,12.84%,11.61%,3.72,3.24
plantas artificiales,816,416,9421,5478,8.66%,7.59%,3.89,3.51
termos electricos leroy merlin,814,611,1128,826,72.16%,73.97%,1.01,1
empleo leroy merlin,813,0,2246,0,36.2%,0%,1.23,0
chimeneas leroy merlin,812,694,1329,1156,61.1%,60.03%,1.01,1
radiador electrico,809,354,8052,6227,10.05%,5.68%,1.79,2.94
pladur,807,564,19016,12506,4.24%,4.51%,6.43,6.8
papel pared leroy merlin,805,541,1038,755,77.55%,71.66%,1,1
leroy merlin xativa,801,726,1673,1925,47.88%,37.71%,4.02,4.28
poliestireno extruido,800,536,5745,3922,13.93%,13.67%,3.44,3.4
recibidores leroy merlin,798,402,1288,699,61.96%,57.51%,1,1
tarima flotante,797,299,12589,8524,6.33%,3.51%,5.74,7.06
ladrillo refractario,793,664,3158,2522,25.11%,26.33%,4.12,4.78
descalcificador,792,592,7870,6014,10.06%,9.84%,2.64,2.92
fregaderos,792,435,6424,4263,12.33%,10.2%,2.12,2.05
leroy merlin platos de ducha,791,446,1183,665,66.86%,67.07%,1.01,1
leroy merlin zapateros,788,434,1501,1074,52.5%,40.41%,1.01,1
leroy merlin fregaderos,787,514,959,613,82.06%,83.85%,1.01,1
puertas de entrada leroy merlin,783,411,1128,600,69.41%,68.5%,1,1
leroy merlin azulejos baño,783,401,1005,531,77.91%,75.52%,1.03,1.01
leroy merlin puertas correderas,781,532,1120,786,69.73%,67.68%,1.01,1
piscinas leroy merlin,780,339,1150,566,67.83%,59.89%,1.23,1.48
percheros de pie,776,0,9173,0,8.46%,0%,4.16,0
parquet,773,334,12434,8634,6.22%,3.87%,3.87,4.08
apliques de pared,771,469,11350,8386,6.79%,5.59%,1.76,2.1
pergola leroy merlin,771,490,1514,1012,50.92%,48.42%,7.57,7.89
escritorio,770,556,17116,13241,4.5%,4.2%,5.95,6.38
leroy mer,761,493,1060,747,71.79%,66%,3.62,4
horario leroy merlin,760,1184,10261,14227,7.41%,8.32%,1.82,1.77
espejo baño leroy merlin,758,646,1057,796,71.71%,81.16%,1,1
leroy merlin espanha,756,500,939,637,80.51%,78.49%,1.52,1.52
friso pared,750,464,3143,2049,23.86%,22.65%,1.65,1.82
muebles lavabo leroy merlin,750,438,1205,695,62.24%,63.02%,1.03,1.02
leroy merlin plantas,750,531,1041,737,72.05%,72.05%,1.72,1.72
leroy merlin termo electrico,749,702,890,890,84.16%,78.88%,1,1.01
estufa de leña,748,611,8364,7779,8.94%,7.85%,1.37,1.08
lampara de pie leroy merlin,747,530,976,708,76.54%,74.86%,1,1
muebles leroy merlin,746,543,1156,899,64.53%,60.4%,1.44,1.37
emisor termico,744,330,5904,4169,12.6%,7.92%,1.68,2.31
leroy merlin ofertas,741,457,1564,908,47.38%,50.33%,1.06,1.14
rebajas leroy merlin,741,775,1121,1458,66.1%,53.16%,1,1
leroy merlin tamaraceite,740,807,1377,1757,53.74%,45.93%,4.11,4.4
estufas de pellet,739,424,3879,3011,19.05%,14.08%,1.32,1.12
maceteros leroy merlin,739,463,1206,830,61.28%,55.78%,1.01,1
leroy merlin termos electricos,737,397,958,533,76.93%,74.48%,1.01,1
barbacoas de obra,735,450,5965,3936,12.32%,11.43%,1.29,1.68
leroy merlin barbacoas,735,663,958,891,76.72%,74.41%,1.01,1.04
espejos de baño,734,346,6782,4495,10.82%,7.7%,2.74,3.14
vinilo leroy merlin,728,499,953,690,76.39%,72.32%,1.03,1
burlete puerta,724,518,5713,4029,12.67%,12.86%,1.37,1.41
masilla para madera,724,344,4498,2803,16.1%,12.27%,3.21,3.77
grifos cocina leroy merlin,724,480,1011,692,71.61%,69.36%,1,1
calefactor baño,721,590,9262,7305,7.78%,8.08%,2.07,1.94
percheros de pie leroy merlin,714,582,1056,888,67.61%,65.54%,1,1
escritorio leroy merlin,714,638,961,840,74.3%,75.95%,1,1
puertas plegables,712,364,3898,2793,18.27%,13.03%,4.01,3.84
aire acondicionado por conductos,712,351,3453,2119,20.62%,16.56%,1.33,1.31
leroy merlin talavera,712,615,1612,1471,44.17%,41.81%,4.05,4.23
radiadores de agua,711,532,4015,3129,17.71%,17%,1.34,1.39
caja fuerte,709,602,7411,6890,9.57%,8.74%,2.35,2.66
muebles de baño con lavabo,709,311,5266,3059,13.46%,10.17%,1.53,1.97
mueble lavabo leroy merlin,709,508,1019,682,69.58%,74.49%,1.03,1.02
leroy merlin zamora,705,710,1593,1749,44.26%,40.59%,3.89,4.22
leroy nerlin,700,579,999,795,70.07%,72.83%,2.39,2.62
calefactores leroy merlin,699,566,969,802,72.14%,70.57%,1.01,1
leroy merlin tiradores,699,489,806,559,86.72%,87.48%,1,1
mesa escritorio leroy merlin,697,534,1144,893,60.93%,59.8%,1.04,1.06
radiadores,696,465,7603,5719,9.15%,8.13%,2.93,3.56
leroy merlin ventanas pvc,695,499,884,631,78.62%,79.08%,1,1
ventanas,694,437,9108,6273,7.62%,6.97%,4.39,4.49
precios cocinas completas leroy merlin,694,372,1457,787,47.63%,47.27%,1,1
leroy merlin motril,694,556,1378,1352,50.36%,41.12%,4.11,4.18
leroy merlin majadahonda,691,595,2614,2771,26.43%,21.47%,4.02,4.1
leroy merlin lliça,690,739,2327,2949,29.65%,25.06%,4.22,4.43
leroy merlin suelo vinilico,690,318,1236,859,55.83%,37.02%,1,1
leroy merlin espana,690,550,835,658,82.63%,83.59%,1.16,1.17
leroy merlin on line,690,604,830,811,83.13%,74.48%,1.36,1.23
vestidores leroy merlin,689,0,1203,0,57.27%,0%,1,0
leroy merlin pellets,689,658,859,866,80.21%,75.98%,1.36,1.95
barbacoa,688,590,12700,10839,5.42%,5.44%,4.12,4.29
plantas leroy merlin,688,411,791,510,86.98%,80.59%,1.13,1.17
lamparas,685,395,15077,12085,4.54%,3.27%,4.11,4.87
revestimiento pared,685,362,5985,4183,11.45%,8.65%,2.22,2.22
calentador de gas,685,472,4663,3734,14.69%,12.64%,1.7,1.42
estanterías leroy merlin,685,567,1025,781,66.83%,72.6%,1,1
revestimiento pared pvc,684,299,2667,1615,25.65%,18.51%,2.14,2
leroy merlin cadiz,681,524,1301,1207,52.34%,43.41%,3.18,3.11
barbacoa de obra,679,408,5243,3828,12.95%,10.66%,1.14,1.74
chimenea bioetanol,679,660,5089,5233,13.34%,12.61%,1.34,1.42
videoportero,677,535,7233,6517,9.36%,8.21%,3.7,4.25
cerraduras leroy merlin,677,501,998,740,67.84%,67.7%,1,1
alfombra vinilica,675,341,3935,2741,17.15%,12.44%,1.39,2.16
cocina,673,453,18285,14827,3.68%,3.06%,5.65,6.66
espejos,673,592,10512,9439,6.4%,6.27%,4.45,4.87
leroy merlin maderas,672,451,821,541,81.85%,83.36%,1.01,1.01
herramientas,671,634,28579,17181,2.35%,3.69%,5.31,3.14
pladur precio,670,292,1852,999,36.18%,29.23%,1.35,1.57
inodoro,667,407,20571,15222,3.24%,2.67%,6.71,7.16
escalera leroy merlin,666,511,863,701,77.17%,72.9%,1,1
bañera,664,373,12539,8824,5.3%,4.23%,3.09,3.17
leroy merlin melilla,664,573,1330,1222,49.92%,46.89%,4.13,4.26
azulejos cocina,661,403,5541,4203,11.93%,9.59%,2.92,3.09
calentadores electricos,660,530,5263,4552,12.54%,11.64%,3.49,4.18
leroy merlin alfafar,660,558,1762,1732,37.46%,32.22%,3.92,4.07
leroy merlin vinaros,660,506,1534,1397,43.02%,36.22%,3.94,4.1
suelos laminados,659,366,6938,4418,9.5%,8.28%,2.97,1.7
leroy merlin calefactor,658,482,797,585,82.56%,82.39%,1,1
merlin leroy,656,554,1822,1418,36%,39.07%,10.97,11.01
muebles de lavabo leroy merlin,656,368,1345,725,48.77%,50.76%,1.02,1.02
herramientas leroy merlin,655,899,890,1207,73.6%,74.48%,1.02,1.04
leroy merlin estufas,654,605,947,859,69.06%,70.43%,1.04,1.06
muebles de baño en leroy merlin,650,487,1424,746,45.65%,65.28%,1.01,1
ingletadora,649,533,7862,7358,8.25%,7.24%,2.24,2.37
mamparas ducha,648,344,4783,2931,13.55%,11.74%,1.9,2.09
leroy merlin pedidos,647,347,789,459,82%,75.6%,1.1,1.24
persianas leroy merlin,646,581,1458,1172,44.31%,49.57%,1.38,1.2
contrachapado leroy merlin,646,494,1046,748,61.76%,66.04%,1.02,1.03
suelo leroy merlin,646,457,954,569,67.71%,80.32%,1.01,1
leroy merlin baño,646,471,788,565,81.98%,83.36%,1,1
lamparas de mesa leroy merlin,645,410,1166,834,55.32%,49.16%,1.01,1
bombillas leroy merlin,642,502,791,654,81.16%,76.76%,1,1
cojines,641,471,15840,10641,4.05%,4.43%,3.64,4.11
toldos,641,338,9131,5504,7.02%,6.14%,3.77,4.59
atornillador electrico,641,755,5688,6176,11.27%,12.22%,2.6,2.45
patas para mesas,641,465,4517,3679,14.19%,12.64%,1.7,2.34
aerotermia,639,838,23093,21086,2.77%,3.97%,11.08,7.87
leroy merlin stock fuera,639,0,1006,0,63.52%,0%,1,0
mesas de centro leroy merlin,637,467,1102,732,57.8%,63.8%,1.03,1.07
store leroy merlin,637,436,849,593,75.03%,73.52%,4.42,6.95
ruedas leroy merlin,636,488,884,649,71.95%,75.19%,1,1
leroy merlin torrelavega,634,514,1607,1551,39.45%,33.14%,3.99,4.22
puertas blindadas,633,438,4769,3820,13.27%,11.47%,6.3,6.52
puertas de cocina leroy merlin,633,295,1018,467,62.18%,63.17%,1,1
termostato calefaccion,631,444,4387,4220,14.38%,10.52%,1.31,2.1
sikaflex,630,574,7628,5404,8.26%,10.62%,3.94,2.45
leroy merlin accesorios baño,629,468,745,571,84.43%,81.96%,1,1
cajas de madera,627,426,8378,7065,7.48%,6.03%,3.57,3.16
leroy merlin suelo laminado,626,279,1331,830,47.03%,33.61%,1.01,1.03
grifo cocina leroy merlin,625,494,843,668,74.14%,73.95%,1,1
leroy merlin estufas de gas,625,536,842,771,74.23%,69.52%,1,1
leroy merlin burjassot,623,536,1982,2072,31.43%,25.87%,3.92,4.15
fundas nordicas leroy merlin,622,368,976,643,63.73%,57.23%,1,1
alfombras infantiles,621,573,7259,6166,8.55%,9.29%,2.87,2.27
leroy merlin patas,621,480,751,569,82.69%,84.36%,1,1
leña leroy merlin,621,579,728,734,85.3%,78.88%,1,1
patas mesa leroy merlin,619,552,791,720,78.26%,76.67%,1,1
cortinas salon leroy merlin,618,337,1309,800,47.21%,42.12%,1,1
policarbonato leroy merlin,618,356,1056,597,58.52%,59.63%,1.71,1.47
hidrolimpiadora,617,499,5959,4599,10.35%,10.85%,1.16,1.24
grifo cocina,617,402,4767,3406,12.94%,11.8%,1.29,1.31
caldera de gas,617,437,4110,3166,15.01%,13.8%,1.07,1.05
puerta blindada,617,383,3068,2360,20.11%,16.23%,2.09,2.34
percheros leroy merlin,617,523,999,811,61.76%,64.49%,1,1
papel leroy merlin,617,375,795,507,77.61%,73.96%,1.03,1
vinilos pared,616,403,14574,10237,4.23%,3.94%,6.09,5.65
cabeceros leroy merlin,615,342,1602,949,38.39%,36.04%,1.03,1.03
muebles recibidor leroy merlin,615,285,1360,801,45.22%,35.58%,1.53,1.81
toallero leroy merlin,615,423,822,593,74.82%,71.33%,1,1
estufas electricas leroy merlin,614,500,1249,965,49.16%,51.81%,1,1
parafina leroy merlin,613,516,795,668,77.11%,77.25%,1.19,1.11
planificador cocinas leroy merlin,612,297,840,431,72.86%,68.91%,1,1
leroy merlin vinilos,612,393,816,552,75%,71.2%,1.01,1
caja fuerte leroy merlin,611,573,796,757,76.76%,75.69%,1.01,1
leroy merlin porriño,610,548,1519,1725,40.16%,31.77%,4.45,4.55
visillos leroy merlin,610,268,1329,796,45.9%,33.67%,1.01,1
osmosis leroy merlin,610,480,869,671,70.2%,71.54%,1.02,1
termo electrico 100 litros,609,368,3342,2425,18.22%,15.18%,1.22,1.41
pintura impermeabilizante,609,402,3079,2393,19.78%,16.8%,3.24,3.5
leroy merlin outlet,608,346,2158,1389,28.17%,24.91%,2.34,2.7
leroy merlin leganes,606,461,2023,1928,29.96%,23.91%,3.51,3.67
leroy merlin rebajas,606,437,873,692,69.42%,63.15%,1,1
bañera leroy merlin,604,394,752,517,80.32%,76.21%,1,1
ventilador techo leroy merlin,603,338,887,558,67.98%,60.57%,1.01,1
plantas artificiales leroy merlin,603,332,831,501,72.56%,66.27%,1,1
estores enrollables,602,339,5779,3816,10.42%,8.88%,1.35,1.22
ventiladores de techo leroy merlin,602,375,924,691,65.15%,54.27%,1.01,1
eroy merlin,602,458,850,660,70.82%,69.39%,2.46,3.1
leroy merlin muebles de cocina,601,432,804,579,74.75%,74.61%,1.02,1
zapatero,599,541,44457,31839,1.35%,1.7%,7.17,5.85
persianas,599,452,8713,6541,6.87%,6.91%,4.97,4.11
leroy merlin puertas exterior,598,446,829,593,72.14%,75.21%,1.01,1
leroy merlin la maquinista,593,511,1590,1689,37.3%,30.25%,3.3,3.69
suelos vinilicos leroy merlin,593,286,1148,833,51.66%,34.33%,1,1
papeles pintados,592,322,7714,4835,7.67%,6.66%,3.03,3.08
leroy merlin lamparas de mesa,592,392,999,747,59.26%,52.48%,1,1
sillas de cocina,591,431,6851,5078,8.63%,8.49%,2.74,2.79
papel pintado leroy merlin 2019,591,352,1202,745,49.17%,47.25%,1,1
bombillas led leroy merlin,589,522,813,757,72.45%,68.96%,1.01,1
cortinas salon,588,412,11182,7682,5.26%,5.36%,3.81,3.61
financiacion leroy merlin,588,346,681,415,86.34%,83.37%,1.07,1
calentador de gas butano,587,468,3541,2912,16.58%,16.07%,1.13,1.12
termo electrico 50 litros,587,391,3336,2566,17.6%,15.24%,1.15,1.12
termo de gas,587,425,3238,2325,18.13%,18.28%,1.03,1.07
ventana leroy merlin,587,404,721,485,81.41%,83.3%,1,1
taburetes de cocina leroy merlin,584,407,1032,681,56.59%,59.77%,1.01,1
soporte tv leroy merlin,584,587,730,734,80%,79.97%,1,1
suelos laminados leroy merlin,583,272,1376,803,42.37%,33.87%,1,1
baños,580,361,19810,12786,2.93%,2.82%,5.53,6.17
lavabo,580,348,17529,12517,3.31%,2.78%,8.09,7.32
enchufes leroy merlin,579,445,731,581,79.21%,76.59%,1,1
mueble lavabo,577,327,4207,2819,13.72%,11.6%,1.19,1.09
lana de roca leroy merlin,577,450,776,609,74.36%,73.89%,1,1
leroy merlin cocina,577,414,723,512,79.81%,80.86%,1.01,1
suelos de vinilo,575,353,3983,2626,14.44%,13.44%,2.38,1.07
leroy merlin escritorios,575,455,756,597,76.06%,76.21%,1.09,1.03
listones leroy merlin,573,474,685,578,83.65%,82.01%,1,1
estufas de butano,572,540,4073,3770,14.04%,14.32%,1.05,1.04
mamparas ducha leroy merlin,572,326,733,463,78.04%,70.41%,1.04,1
motosierra,571,560,11590,8539,4.93%,6.56%,4.63,4.3
mueble auxiliar cocina leroy merlin,571,361,1003,657,56.93%,54.95%,1,1
metacrilato leroy,571,524,870,757,65.63%,69.22%,1,1
leroy merlin estanterias metalicas,570,462,919,691,62.02%,66.86%,1,1
tela asfaltica leroy merlin,570,403,773,560,73.74%,71.96%,1.3,1.09
escritorios,569,514,8638,6591,6.59%,7.8%,5.84,5.17
felpudos leroy merlin,569,573,721,698,78.92%,82.09%,1.02,1
manillas puertas,564,306,3373,2419,16.72%,12.65%,1.07,1.12
motosierra gasolina,564,503,3242,3433,17.4%,14.65%,2.12,2.4
sillas leroy merlin,564,467,1351,1179,41.75%,39.61%,1.01,1
casetas leroy merlin,562,364,931,601,60.37%,60.57%,1.01,1
espejos pared leroy merlin,562,425,870,611,64.6%,69.56%,1,1
baldosas leroy merlin,561,326,764,467,73.43%,69.81%,1.01,1
puertas en leroy merlin,560,281,846,426,66.19%,65.96%,1,1.01
leroy merlin tomares,559,652,1685,2050,33.18%,31.8%,1.6,1.57
leroy merlin muebles de baño,559,446,1126,593,49.64%,75.21%,1.01,1.03
vigas de madera leroy merlin,559,274,843,427,66.31%,64.17%,1.02,1
calderas leroy merlin,559,318,765,445,73.07%,71.46%,1,1
grifo ducha leroy merlin,556,395,778,561,71.47%,70.41%,1,1
leroy merlin cajoneras,555,305,1232,930,45.05%,32.8%,1,1
espejos de baño leroy merlin,553,328,848,486,65.21%,67.49%,1.01,1
leroy merlin torrevieja,552,396,1026,805,53.8%,49.19%,3.95,4.05
calefactor baño leroy merlin,552,423,874,636,63.16%,66.51%,1,1
leroy merlin bombillas,552,443,665,594,83.01%,74.58%,1,1
lerpy merlin,551,458,776,608,71.01%,75.33%,3.02,2.51
estufas de gas butano,550,414,3468,2861,15.86%,14.47%,1.1,1.14
generador electrico,549,729,9624,10471,5.7%,6.96%,5.91,4.49
leroy merin,549,425,843,618,65.12%,68.77%,3.34,3.43
mampara bañera leroy merlin,548,422,706,554,77.62%,76.17%,1,1
leroy merlin baldas,547,461,643,535,85.07%,86.17%,1.02,1
trabajar en leroy merlin,546,0,1456,0,37.5%,0%,1,0
revestimiento pared pvc leroy merlin,546,332,928,523,58.84%,63.48%,1.01,1.11
percheros de pared,545,0,7831,0,6.96%,0%,3.85,0
calderas de pellets,545,529,3370,3069,16.17%,17.24%,1.08,1.06
encimera cocina,544,370,3186,2102,17.07%,17.6%,1.56,1.46
lamparas dormitorio leroy merlin,544,374,1206,928,45.11%,40.3%,1,1
estanteria,542,341,11904,8155,4.55%,4.18%,3.48,3.5
mosquiteras,541,0,4027,0,13.43%,0%,1.97,0
armario exterior,541,318,3758,2583,14.4%,12.31%,1.26,1.23
conjunto plato ducha y mampara leroy merlin,541,331,1081,724,50.05%,45.72%,1,1.01
leroy merlin orotava,540,612,795,1060,67.92%,57.74%,4,3.87
grifos de ducha,539,319,4045,2922,13.33%,10.92%,1.53,1.78
puertas blancas leroy merlin,539,411,967,631,55.74%,65.13%,1.01,1
leroy merlin palma de mallorca,539,383,870,742,61.95%,51.62%,3.43,3.75
panel sandwich leroy merlin,539,369,789,555,68.31%,66.49%,1,1
leroy merlin toldos,539,0,771,0,69.91%,0%,1.19,0
fregadero,538,305,8396,5521,6.41%,5.52%,3.5,2.83
piscinas desmontables,538,0,6996,0,7.69%,0%,5.36,0
sierra circular leroy merlin,537,505,826,734,65.01%,68.8%,1.02,1.01
barras de cortinas,535,0,4126,0,12.97%,0%,1.93,0
chapa sandwich,535,325,3650,2542,14.66%,12.79%,1.84,2.5
leroy merlin estanterias madera blancas,534,360,1529,969,34.92%,37.15%,1,1
leroy merlin financiacion,534,308,601,353,88.85%,87.25%,1.11,1
puertas blancas,532,349,5327,3479,9.99%,10.03%,2.92,2.53
patas para mesas leroy merlin,532,364,1001,652,53.15%,55.83%,1,1
leroy merlin bonaire,531,377,1278,1162,41.55%,32.44%,3.7,4.08
perfiles de aluminio,530,369,5438,3901,9.75%,9.46%,5.71,5.28
ventanas de aluminio leroy merlin,530,335,735,463,72.11%,72.35%,1.01,1.02
tarima flotante leroy,527,350,982,516,53.67%,67.83%,1.03,1.03
cubos de basura,526,335,6246,4729,8.42%,7.08%,1.48,1.26
cajoneras,525,292,6747,5164,7.78%,5.65%,3.03,4.14
puerta plegable,525,338,3750,2513,14%,13.45%,4.28,4.24
desbrozadora leroy merlin,525,395,771,530,68.09%,74.53%,1,1
motosierra electrica,524,462,4720,4312,11.1%,10.71%,2.66,2.61
panel sandwich precio,524,0,2140,0,24.49%,0%,1.5,0
perchero leroy merlin,524,473,766,670,68.41%,70.6%,1,1
compresor leroy merlin,524,572,744,774,70.43%,73.9%,1.1,1.09
calentador electrico leroy merlin,522,365,789,569,66.16%,64.15%,1,1
rodapie leroy merlin,521,400,775,601,67.23%,66.56%,1.03,1.02
macetas leroy merlin,521,316,684,410,76.17%,77.07%,1.01,1
puertas blindadas leroy merlin,521,356,662,481,78.7%,74.01%,1.02,1
bombillas led,520,401,16878,14472,3.08%,2.77%,4.61,4.71
devoluciones leroy merlin,520,408,619,520,84.01%,78.46%,1,1.18
toldo leroy merlin,519,369,815,556,63.68%,66.37%,1.13,1.22
leroy merlin escaleras,519,381,737,536,70.42%,71.08%,1.01,1
calentador de agua a gas,518,375,3543,2884,14.62%,13%,3.56,3.52
leroy merlin getafe,518,442,1951,1773,26.55%,24.93%,3.69,3.97
moqueta,517,315,9921,6749,5.21%,4.67%,3.04,3.39
puertas leroy merlin exterior,517,267,838,457,61.69%,58.42%,1,1
destornillador electrico,516,755,5136,5959,10.05%,12.67%,5.2,3.4
lijadora leroy merlin,516,474,798,708,64.66%,66.95%,1,1
espejos decorativos,515,310,6877,6140,7.49%,5.05%,5.81,6.15
termostato leroy merlin,515,539,698,715,73.78%,75.38%,1.27,1.4
chimeneas de leña,514,318,10858,9656,4.73%,3.29%,4.98,6.85
estufas pellets,514,344,2617,2196,19.64%,15.66%,1.13,1.18
leroy merlin pladur,514,407,674,501,76.26%,81.24%,1.19,1.12
pintura blanca interior,511,331,2041,1436,25.04%,23.05%,1.55,1.78
mesa escritorio,510,439,7146,5943,7.14%,7.39%,4.15,3.31
vinilos para muebles,510,285,3680,2225,13.86%,12.81%,2.97,3.2
aislante acustico,509,359,3075,2342,16.55%,15.33%,5.72,2.83
termostato digital,508,288,4734,4145,10.73%,6.95%,3.23,3.45
pellets leroy,508,457,682,637,74.49%,71.74%,1.14,1.15
columna de ducha,507,331,4287,2823,11.83%,11.73%,1.53,1.65
cajonera,506,0,6652,0,7.61%,0%,2.97,0
chimeneas,505,410,11753,11431,4.3%,3.59%,4.52,4.69
puertas de garaje,505,291,5213,3834,9.69%,7.59%,3.79,3.9
tablones de madera,505,335,3650,2854,13.84%,11.74%,3.75,3.83
puertas de aluminio leroy merlin,505,0,1054,0,47.91%,0%,1,0
ducha leroy merlin,505,345,758,566,66.62%,60.95%,1.05,1.02
vallas leroy merlin,505,349,746,539,67.69%,64.75%,1.01,1
encimeras de cocina leroy merlin,505,338,693,462,72.87%,73.16%,1.02,1
leroy merlin tarima flotante,504,405,793,484,63.56%,83.68%,1.01,1
alfombras en leroy merlin,503,291,771,526,65.24%,55.32%,1,1
papel pared,502,320,3771,2819,13.31%,11.35%,1.29,1.34
grifo ducha,502,0,3454,0,14.53%,0%,1.22,0
mesillas de noche leroy merlin,502,345,876,612,57.31%,56.37%,1.01,1
flexo leroy merlin,502,542,670,728,74.93%,74.45%,1,1.01
bisagras leroy merlin,501,356,788,597,63.58%,59.63%,1,1
perchero,500,332,10209,7932,4.9%,4.19%,3.25,4.62
suelo vinilico leroy,500,0,985,0,50.76%,0%,1,0
bañera hidromasaje,499,326,4499,3101,11.09%,10.51%,1.89,1.79
losetas de vinilo para paredes de cocina leroy merlin,499,265,832,409,59.98%,64.79%,1.19,1.01
leroy merlin deshumidificador,499,0,716,0,69.69%,0%,1.08,0
modulos de cocina leroy merlin,499,339,708,501,70.48%,67.66%,1.01,1
leroy merlin herramientas,498,609,658,811,75.68%,75.09%,1,1
grifo lavabo leroy merlin,497,388,662,528,75.08%,73.48%,1,1
estanteria metalica,495,310,5048,3483,9.81%,8.9%,4.29,3.44
grifos lavabo leroy merlin,495,304,767,462,64.54%,65.8%,1,1
calefactor,493,528,14770,10123,3.34%,5.22%,3.6,2.28
mueble de baño,493,340,5763,4148,8.55%,8.2%,2.62,2.81
taburetes leroy merlin,492,424,925,780,53.19%,54.36%,1.01,1.06
cocinas leroy,492,346,667,442,73.76%,78.28%,1,1
espejo baño,491,301,5040,3753,9.74%,8.02%,2.83,2.72
hormigonera,491,364,4588,3142,10.7%,11.58%,2.32,2.03
apliques leroy merlin,491,308,941,691,52.18%,44.57%,1.48,1.49
motosierras leroy merlin,491,516,641,652,76.6%,79.14%,1,1
estufas de leña leroy merlin,490,576,949,877,51.63%,65.68%,1.01,1
toalleros leroy merlin,489,368,726,571,67.36%,64.45%,1,1
leroy merlin flash,489,387,571,480,85.64%,80.62%,1.02,1.01
alarmas para casa,488,332,7817,6724,6.24%,4.94%,8.09,10.98
taco quimico,488,289,3770,2664,12.94%,10.85%,2.11,2.12
leroy merlin avila,488,509,1268,1335,38.49%,38.13%,3.9,4.11
plafon leroy merlin,488,393,774,575,63.05%,68.35%,2.38,1.61
modulos de cocina,487,333,2707,1949,17.99%,17.09%,2.29,2.32
plato ducha,486,0,3587,0,13.55%,0%,1.08,0
armario resina leroy merlin,486,284,1168,726,41.61%,39.12%,1.1,1.03
baul leroy merlin,486,471,700,659,69.43%,71.47%,1,1
amoladora leroy merlin,486,439,643,560,75.58%,78.39%,1,1
focos leroy merlin,484,375,737,657,65.67%,57.08%,1.06,1.01
leroy merly,484,342,682,473,70.97%,72.3%,1.82,1.6
vinilos decorativos leroy merlin,483,314,683,456,70.72%,68.86%,1.02,1
leroy merlin metacrilato,483,377,623,477,77.53%,79.04%,1.05,1.01
bomba de agua,482,338,7198,6334,6.7%,5.34%,2.76,3.22
sillas de cocina leroy merlin,482,293,881,582,54.71%,50.34%,1,1
alfombra infantil,481,409,4150,3799,11.59%,10.77%,1.16,1.17
aire acondicionado con bomba de calor,481,262,2549,1511,18.87%,17.34%,1.18,1.47
panel sandwich precio leroy merlin,481,350,829,643,58.02%,54.43%,1,1.02
cortinas leroy,480,282,713,454,67.32%,62.11%,1.16,1.31
muebles de jardin,479,0,5150,0,9.3%,0%,7.45,0
encimera,478,329,8458,6078,5.65%,5.41%,4.23,4.02
mamparas de baño leroy merlin,478,296,686,435,69.68%,68.05%,1.04,1
ventanas aluminio leroy merlin,478,274,620,370,77.1%,74.05%,1.03,1
muebles de cocina baratos,477,0,4567,0,10.44%,0%,6.51,0
mosquiteras leroy merlin,477,0,690,0,69.13%,0%,1.03,0
placas de gas butano leroy merlin,476,271,776,554,61.34%,48.92%,1,1
chimenea pellets,475,329,2942,2896,16.15%,11.36%,1.1,1.07
tablero contrachapado,475,310,2067,1350,22.98%,22.96%,1.33,1.42
friso pvc leroy merlin,475,302,625,402,76%,75.12%,1.02,1.11
leroy merlin fuengirola,474,316,1246,1255,38.04%,25.18%,4.18,4.41
muebles de jardin leroy merlin,474,0,1027,0,46.15%,0%,1.01,0
focos led,473,0,8607,0,5.5%,0%,4.12,0
malla metalica,473,282,4435,3132,10.67%,9%,3.5,4.32
leroy merlin mueble baño,473,479,882,593,53.63%,80.78%,1,1
papel de pared leroy merlin,472,311,658,459,71.73%,67.76%,1.05,1.08
termo leroy merlin,472,415,599,544,78.8%,76.29%,1.01,1.02
productos leroy merlin,472,264,563,318,83.84%,83.02%,1.01,1
leroy merlin alcala de henares,470,385,1520,1406,30.92%,27.38%,3.97,4.07
precio instalacion puertas leroy merlin,469,0,1163,0,40.33%,0%,1,0
estufa de gas leroy merlin,469,419,618,557,75.89%,75.22%,1,1
azulejos,468,0,12590,0,3.72%,0%,7.32,0
leroy merlin cortinas y estores,468,0,1202,0,38.94%,0%,1.01,0
pantallas lamparas leroy merlin,468,0,721,0,64.91%,0%,1.01,0
columna ducha leroy merlin,467,319,730,481,63.97%,66.32%,1,1
losetas vinilicas pared,466,0,1477,0,31.55%,0%,2.7,0
estufa leroy merlin,466,367,677,593,68.83%,61.89%,1.02,1.08
leroy merlin valdepeñas,465,450,1345,1406,34.57%,32.01%,4.14,4.35
puertas interior,464,0,3221,0,14.41%,0%,2.34,0
felpudos,463,446,3815,3710,12.14%,12.02%,1.46,1.35
termo electrico 80 litros,463,369,2956,2295,15.66%,16.08%,1.05,1.1
puertas de madera,462,349,7671,8222,6.02%,4.24%,7.63,7.82
deshumidificador leroy,462,0,778,0,59.38%,0%,1.15,0
sillas cocina,461,316,5341,3761,8.63%,8.4%,3.1,3.1
muebles jardin leroy merlin,461,0,1007,0,45.78%,0%,1.04,0
radiador leroy merlin,461,346,595,451,77.48%,76.72%,1.04,1.03
tablas leroy merlin,461,332,556,409,82.91%,81.17%,1,1
ventilador de techo,460,0,5523,0,8.33%,0%,4.54,0
mueble de baño leroy merlin,460,397,935,552,49.2%,71.92%,1,1
lampara techo leroy merlin,460,362,785,663,58.6%,54.6%,1,1
leroy merlin duchas,460,338,636,468,72.33%,72.22%,1.03,1
estufa de parafina,459,271,3209,2720,14.3%,9.96%,1.96,2.6
puertas interior ikea,459,0,1941,0,23.65%,0%,1.31,0
vinilos para cristales leroy merlin,458,297,831,562,55.11%,52.85%,1,1
leroy merlin chimeneas,458,412,655,613,69.92%,67.21%,1.02,1.04
leroy merlin piscinas,458,0,615,0,74.47%,0%,1.36,0
puertas correderas de cristal,457,0,4445,0,10.28%,0%,1.2,0
toallero electrico leroy merlin,457,427,604,568,75.66%,75.18%,1.02,1
papel pintado outlet leroy merlin,456,0,700,0,65.14%,0%,1,0
leroy merlin calderas,456,296,599,410,76.13%,72.2%,1,1
leroy merlin alfombra,456,343,566,423,80.57%,81.09%,1.04,1
leroy merlin calefaccion,455,369,604,520,75.33%,70.96%,1.11,1
escurreplatos leroy merlin,454,379,713,625,63.67%,60.64%,1,1
leeoy,454,391,632,584,71.84%,66.95%,1.16,1.14
casetas de madera,453,302,5520,4083,8.21%,7.4%,3.1,2.78
azulejos adhesivos cocina leroy merlin,453,0,686,0,66.03%,0%,1,0
tiradores,452,0,4887,0,9.25%,0%,2.07,0
leroy merlin maquinista,452,408,1233,1490,36.66%,27.38%,4.26,4.48
barra cortina leroy merlin,452,0,790,0,57.22%,0%,1,0
focos led leroy merlin,452,324,778,621,58.1%,52.17%,1.06,1.17
leroy merlin alfombras salon,452,447,619,595,73.02%,75.13%,1,1
ofertas flash leroy merlin,452,0,486,0,93%,0%,1.01,0
estufas,451,340,5025,3914,8.98%,8.69%,7.69,7.22
puertas acorazadas leroy merlin,451,296,739,474,61.03%,62.45%,1.01,1
tablones de madera leroy merlin,451,0,607,0,74.3%,0%,1,0
barbacoas,450,283,6255,4597,7.19%,6.16%,2.5,2.45
persianas venecianas,450,0,4087,0,11.01%,0%,1.76,0
dremel leroy merlin,450,353,719,569,62.59%,62.04%,3.14,3.58
taladro leroy merlin,449,391,1026,1068,43.76%,36.61%,1,1
botas de seguridad,448,0,6068,0,7.38%,0%,3.35,0
mortero autonivelante,448,338,2600,2116,17.23%,15.97%,3.01,3.22
leroy merlin cerraduras,448,344,556,445,80.58%,77.3%,1,1
listones madera leroy merlin,448,503,546,635,82.05%,79.21%,1,1
mesa cocina,447,0,5798,0,7.71%,0%,3.6,0
zapatos de seguridad,447,301,5722,4113,7.81%,7.32%,4.2,4.3
puerta acorazada leroy merlin,447,353,674,541,66.32%,65.25%,1,1
pellet,446,350,6554,5855,6.81%,5.98%,4.41,4.16
emisores termicos,446,0,2433,0,18.33%,0%,1.58,0
cortinas cocina leroy merlin,446,329,829,602,53.8%,54.65%,1,1
sanitarios leroy merlin,446,0,659,0,67.68%,0%,1.42,0
vinilos para muebles leroy merlin,445,0,633,0,70.3%,0%,1,0
puertas cocina leroy merlin,445,330,585,420,76.07%,78.57%,1,1
cortinas infantiles,444,0,3953,0,11.23%,0%,4.06,0
cajas de madera leroy merlin,444,331,687,497,64.63%,66.6%,1,1
precio placas de pladur y perfiles leroy merlin,443,290,594,415,74.58%,69.88%,1,1.01
alfombras de vinilo,441,0,5108,0,8.63%,0%,5.15,0
interruptores de luz,441,0,2694,0,16.37%,0%,1.77,0
chimenea leroy merlin,441,459,656,764,67.23%,60.08%,1.02,1
leroy merlin campana extractora,441,337,560,441,78.75%,76.42%,1,1
perchero pared,440,0,6487,0,6.78%,0%,2.53,0
laminas leroy merlin,440,277,667,409,65.97%,67.73%,1,1
premarco puerta,438,0,1350,0,32.44%,0%,1.09,0
cortinas en leroy merlin,438,0,711,0,61.6%,0%,1,0
banco de trabajo,436,354,5069,4733,8.6%,7.48%,2.48,2.02
estanterias madera,435,266,4142,2897,10.5%,9.18%,1.34,1.81
espejos de pared,434,329,4921,3859,8.82%,8.53%,3.6,3.2
campanas de cocina,434,0,4220,0,10.28%,0%,6.14,0
tubo pvc,434,323,2623,2122,16.55%,15.22%,4.59,5.59
leroy merlin mijas,434,330,1033,1067,42.01%,30.93%,4,4.28
taladro,433,359,12664,11321,3.42%,3.17%,4.27,4.65
caseta jardin,433,305,4061,3193,10.66%,9.55%,1.69,1.64
estufa de butano,433,370,3531,3378,12.26%,10.95%,1.83,1.58
leroy merlin trabaja con nosotros,433,0,1094,0,39.58%,0%,1.16,0
termos leroy merlin,433,384,566,510,76.5%,75.29%,1.03,1.01
downlight led,432,0,6898,0,6.26%,0%,4.3,0
estores en leroy merlin,432,0,914,0,47.26%,0%,1,0
chimenea electrica leroy merlin,431,277,983,999,43.85%,27.73%,1.01,1
casetas para perros,430,374,4359,4128,9.86%,9.06%,2.83,3.21
burlete ventana,430,0,2559,0,16.8%,0%,1.99,0
leroy merlinç,430,289,573,379,75.04%,76.25%,1.13,1
radiadores electricos bajo consumo,429,0,2775,0,15.46%,0%,1.45,0
caballetes leroy merlin,428,481,626,706,68.37%,68.13%,1.02,1
leroy meelin,428,408,607,561,70.51%,72.73%,1.84,1.65
nivel laser leroy merlin,428,381,606,530,70.63%,71.89%,1.22,1.21
tiras led leroy merlin,428,453,580,594,73.79%,76.26%,1.14,1.07
leroy merlin plafones,428,293,532,365,80.45%,80.27%,1,1
bombin cerradura,427,276,3004,2131,14.21%,12.95%,1.07,1.1
ventanas de aluminio precios,426,0,2544,0,16.75%,0%,3.7,0
tijeras de podar,425,326,8221,6416,5.17%,5.08%,2.22,3
cubo basura reciclaje,425,0,4015,0,10.59%,0%,2.75,0
radiador toallero,424,0,3785,0,11.2%,0%,1.03,0
lavavajillas leroy merlin,424,328,619,480,68.5%,68.33%,1,1
espejo,422,341,22497,18171,1.88%,1.88%,5.63,5.25
felpudo,422,343,8357,8422,5.05%,4.07%,3.93,4.13
mesa plegable,421,591,16236,19618,2.59%,3.01%,6.73,6.51
plafones led,421,0,6047,0,6.96%,0%,2.42,0
cesto ropa sucia,421,261,5731,3632,7.35%,7.19%,2.16,2.92
apliques de pared leroy merlin,421,0,741,0,56.82%,0%,1,0
horno de leña,420,452,5395,5979,7.78%,7.56%,4.27,3.49
telas para tapizar,420,0,4256,0,9.87%,0%,4.14,0
papel para paredes,420,0,2697,0,15.57%,0%,2.66,0
leroy merlin alcala,420,337,1093,1024,38.43%,32.91%,3.87,4.05
alfombras de vinilo leroy merlin,420,310,848,568,49.53%,54.58%,1,1
estanteria metalica leroy merlin,420,317,662,481,63.44%,65.9%,1.02,1
leroy merlin ofertas flash,420,292,488,352,86.07%,82.95%,1,1
cortinas ikea,419,296,18192,13047,2.3%,2.27%,9.06,8.66
fregaderos de cocina,419,0,3616,0,11.59%,0%,2.98,0
estufa butano,419,351,3026,2835,13.85%,12.38%,1.27,1.34
descalcificador de agua,419,0,2524,0,16.6%,0%,2.23,0
leroy merlin bilbao,418,354,927,905,45.09%,39.12%,2.62,2.83
termostato,417,316,8913,9209,4.68%,3.43%,4.17,6.04
interruptor,416,0,16598,0,2.51%,0%,6.61,0
tiras de led,416,411,4696,4618,8.86%,8.9%,3.46,3.29
marcos de fotos leroy merlin,416,502,685,772,60.73%,65.03%,1,1
puerta exterior leroy merlin,416,371,518,464,80.31%,79.96%,1,1
pomos leroy merlin,416,346,495,429,84.04%,80.65%,1,1
estufa gas leroy merlin,415,378,517,500,80.27%,75.6%,1,1
pintura,414,0,11573,0,3.58%,0%,6.54,0
muebles de baño baratos,414,264,5668,3856,7.3%,6.85%,3.81,3.26
leroy merlin aranjuez,414,371,1416,1396,29.24%,26.58%,4.34,4.45
enchufes,413,0,3944,0,10.47%,0%,3.43,0
vinilos pared leroy merlin,413,0,592,0,69.76%,0%,1,0
leroy merlin grifos baño,413,263,585,374,70.6%,70.32%,1,1
canaleta cables,412,268,2142,1682,19.23%,15.93%,1.51,1.65
leroy merlin oleiros,412,422,1096,1437,37.59%,29.37%,4.04,4.22
mesas auxiliares leroy merlin,412,0,743,0,55.45%,0%,1.01,0
pintura a la tiza leroy merlin,412,0,559,0,73.7%,0%,1,0
lavabos,411,270,6362,4417,6.46%,6.11%,4.12,4.41
pintura para suelos,411,271,1616,1211,25.43%,22.38%,1.69,1.48
leroy merlin motosierras,411,453,576,584,71.35%,77.57%,1.04,1
pergolas,410,0,6290,0,6.52%,0%,5.39,0
perchas leroy merlin,409,273,607,431,67.38%,63.34%,1,1
leroy merlin bañeras,409,0,537,0,76.16%,0%,1,0
felpudo leroy merlin,409,460,498,555,82.13%,82.88%,1,1
muebles auxiliares de baño,408,0,3086,0,13.22%,0%,1.1,0
le roy merlin,408,310,1951,1396,20.91%,22.21%,13.09,18.18
radiadores de aceite leroy merlin,408,0,766,0,53.26%,0%,1.18,0
caldera pellets,407,329,2198,1964,18.52%,16.75%,2.09,2
leroy merlin suelos vinilicos,407,0,1025,0,39.71%,0%,1,0
invernadero leroy merlin,407,459,634,824,64.2%,55.7%,1.02,1
papel pintado autoadhesivo,406,0,2125,0,19.11%,0%,1.12,0
friso pvc,406,0,1370,0,29.64%,0%,1.02,0
leroy merlin telas,406,0,447,0,90.83%,0%,1.3,0
revestimiento pared leroy merlin,405,268,719,520,56.33%,51.54%,1.01,1.25
grifos de ducha leroy merlin,404,331,670,525,60.3%,63.05%,1,1
baño leroy merlin,403,0,536,0,75.19%,0%,1,0
tablero madera leroy merlin,403,377,485,470,83.09%,80.21%,1,1
termos de gas,402,262,1909,1350,21.06%,19.41%,1.27,1.03
azulejos imitacion piedra leroy merlin,402,0,1101,0,36.51%,0%,1,0
estanterias baño leroy merlin,402,0,795,0,50.57%,0%,1,0
ingletadora leroy merlin,402,341,785,767,51.21%,44.46%,1,1
mueble tv leroy merlin,402,321,671,551,59.91%,58.26%,1,1
suelo porcelanico leroy merlin,402,0,559,0,71.91%,0%,1,0
valla metalica,401,276,3559,2535,11.27%,10.89%,1.38,1.62
armario escobero leroy merlin,401,0,828,0,48.43%,0%,1.01,0
plafon led leroy merlin,401,327,671,604,59.76%,54.14%,2.04,1.93
espejos leroy merlin baño,401,276,640,413,62.66%,66.83%,1,1
desbrozadora,399,327,10953,10255,3.64%,3.19%,2.94,2.93
armarios modulares leroy merlin,399,0,1115,0,35.78%,0%,1,0
leroy merlin construccion,399,301,756,584,52.78%,51.54%,2.64,2.62
leroy merlin grifos,399,315,571,441,69.88%,71.43%,1.02,1
biombos leroy merlin,398,0,890,0,44.72%,0%,1.17,0
cajoneras para armarios,397,0,2193,0,18.1%,0%,1.03,0
rodapie blanco,397,271,2044,1392,19.42%,19.47%,1.64,2.04
leroy merlin inodoros,397,286,546,407,72.71%,70.27%,1.02,1
leroy merlin espejo,397,367,486,431,81.69%,85.15%,1,1
suelo radiante electrico,396,261,2579,1764,15.35%,14.8%,3.2,3.16
carretilla leroy merlin,396,372,580,584,68.28%,63.7%,1,1
perfiles leroy merlin,395,287,549,399,71.95%,71.93%,1,1
puertas site:leroymerlin.es,395,0,472,0,83.69%,0%,1.06,0
estantes leroy merlin,394,299,739,668,53.32%,44.76%,2.82,3.78
leroy merlin lamparas techo,394,289,620,477,63.55%,60.59%,1.03,1
leroy merlin electricidad,394,275,562,409,70.11%,67.24%,1.04,1
suelo porcelanico imitacion madera leroy merlin,393,0,591,0,66.5%,0%,1,0
botellero leroy merlin,393,493,580,709,67.76%,69.53%,1,1
leroy cocinas,393,268,474,324,82.91%,82.72%,1.03,1.01
contrachapado,392,0,6122,0,6.4%,0%,3.88,0
alcachofa ducha,392,285,4100,3267,9.56%,8.72%,1,1.01
leroy merlín online,392,347,478,448,82.01%,77.46%,1,1
mirilla digital,391,387,4071,4382,9.6%,8.83%,3.18,3.92
leroy alfombras,391,339,505,416,77.43%,81.49%,1.02,1
tableros madera leroy merlin,391,328,474,396,82.49%,82.83%,1,1
paves leroy merlin,391,283,469,351,83.37%,80.63%,1,1.01
leroy merlin spain website in english,390,0,1137,0,34.3%,0%,2.58,0
leroy merlin calentadores,390,300,611,480,63.83%,62.5%,1,1
corcho pared,389,298,2830,2218,13.75%,13.44%,1.3,1.38
caja de herramientas,388,395,5391,6917,7.2%,5.71%,3.32,2.79
calderas,388,279,5280,4190,7.35%,6.66%,3.69,3.94
panel sandwich teja,388,0,2798,0,13.87%,0%,2.3,0
vinilo suelo,388,0,2011,0,19.29%,0%,1.86,0
leroy merlin muebles,388,297,541,446,71.72%,66.59%,1.2,1.3
encimeras,387,263,3730,2573,10.38%,10.22%,3.92,4.25
suelo vinilo leroy merlin,386,0,761,0,50.72%,0%,1,0
estufa,385,0,9195,0,4.19%,0%,4.27,0
cajas leroy merlin,385,318,554,476,69.49%,66.81%,1,1
alfombra,384,342,9636,7887,3.99%,4.34%,5.77,5.55
perfiles de aluminio leroy merlin,384,0,687,0,55.9%,0%,1.02,0
tubo corrugado,383,0,3518,0,10.89%,0%,1.9,0
suelos,383,0,3169,0,12.09%,0%,3.74,0
cesped artificial barato,383,0,2260,0,16.95%,0%,1.52,0
leroy merlin electrodomesticos,383,0,461,0,83.08%,0%,1.04,0
mesa camilla leroy merlin,382,0,770,0,49.61%,0%,1.1,0
ventilador de techo leroy merlin,381,0,515,0,73.98%,0%,1,0
soldador de estaño,380,331,5338,4711,7.12%,7.03%,3.25,3.24
mesas escritorio,380,294,2951,2298,12.88%,12.79%,2.48,2
chalk paint leroy merlin,380,0,698,0,54.44%,0%,1.82,0
precio pladur,379,0,769,0,49.28%,0%,1.01,0
pergola,378,0,9491,0,3.98%,0%,4.44,0
timbre inalambrico,378,353,4258,3429,8.88%,10.29%,3.73,3.55
comoda leroy merlin,378,0,669,0,56.5%,0%,3.08,0
papel pintado infantil,377,0,3912,0,9.64%,0%,2.05,0
iluminacion exterior leroy merlin,376,0,588,0,63.95%,0%,1,0
leroy merlin mascarillas,376,0,436,0,86.24%,0%,1,0
flexo,375,344,9130,8594,4.11%,4%,2.58,2.56
leroy merlin aldaia,375,280,954,904,39.31%,30.97%,3.76,4.2
gres imitacion madera leroy merlin,375,0,605,0,61.98%,0%,1,0
policarbonato,374,0,8434,0,4.43%,0%,5.46,0
cortinas de baño,374,0,5021,0,7.45%,0%,3.51,0
inodoros,374,0,4492,0,8.33%,0%,4.03,0
termo eléctrico leroy merlin,374,314,482,392,77.59%,80.1%,1,1
mueble auxiliar baño,373,0,3561,0,10.47%,0%,1.14,0
patas para muebles,373,0,2921,0,12.77%,0%,4.78,0
precio cambiar bañera por ducha leroy merlin,373,0,818,0,45.6%,0%,1,0
estufas de pellets leroy merlin,373,330,748,579,49.87%,56.99%,1.02,1
cubo basura leroy merlin,373,346,508,512,73.43%,67.58%,1,1
bombillas inteligentes,372,439,6653,7522,5.59%,5.84%,3.84,3.52
vinilos para forrar muebles de cocina leroy merlin,371,0,803,0,46.2%,0%,1,0
leroy merlin casetas,371,0,587,0,63.2%,0%,1.02,0
baldas,370,0,4752,0,7.79%,0%,2,0
tarimas leroy merlin,370,311,693,422,53.39%,73.7%,1.01,1
puerta corredera cristal,369,0,2855,0,12.92%,0%,1.2,0
alfombras vinilicas leroy merlin,369,0,603,0,61.19%,0%,1,0
puertas leroy,369,0,453,0,81.46%,0%,1.02,0
ventanas de pvc,368,0,3700,0,9.95%,0%,5.57,0
stock fuera leroy merlin,368,0,524,0,70.23%,0%,1,0
caldera,367,0,6712,0,5.47%,0%,3.18,0
mesas leroy merlin,367,310,780,798,47.05%,38.85%,1.58,1.91
estacion meteorologica,366,531,8760,10468,4.18%,5.07%,4.32,4.75
mesas plegables,366,370,7899,9295,4.63%,3.98%,5.35,6.12
cerradura electronica,365,0,6028,0,6.06%,0%,7.33,0
baldas de madera,364,0,2664,0,13.66%,0%,2.01,0
malla antihierbas,364,0,2177,0,16.72%,0%,1.77,0
friso de madera,364,0,1457,0,24.98%,0%,1.31,0
alfombras salon leroy merlin,364,308,580,471,62.76%,65.39%,1,1
amoladora,363,0,6988,0,5.19%,0%,3.33,0
burlete,363,0,4094,0,8.87%,0%,2.59,0
pedidos leroy merlin,363,0,395,0,91.9%,0%,1.06,0
pergolas de madera,361,0,8474,0,4.26%,0%,5.97,0
mesas cocina,361,0,3068,0,11.77%,0%,3,0
bloque de hormigon,361,0,2131,0,16.94%,0%,2.24,0
cortinas cocina,360,0,5165,0,6.97%,0%,4.75,0
lijadora,359,276,4887,4063,7.35%,6.79%,3.95,4.52
calentador gas butano,359,278,1806,1503,19.88%,18.5%,1.15,1.38
leroy merlin pergolas,359,0,483,0,74.33%,0%,1.21,0
radiador de aceite,358,0,11526,0,3.11%,0%,2.75,0
leroy merlin navidad,0,3874,0,4817,0%,80.42%,0,1
arbol de navidad,0,3335,0,156528,0%,2.13%,0,4.19
arbol de navidad leroy merlin,0,1613,0,2977,0%,54.18%,0,1
leroy merlin arbol navidad,0,1599,0,2405,0%,66.49%,0,1
arbol navidad leroy merlin,0,1252,0,2042,0%,61.31%,0,1
arboles de navidad,0,1174,0,25257,0%,4.65%,0,2.97
luces de navidad,0,1071,0,20610,0%,5.2%,0,2.51
adornos navideños,0,930,0,25435,0%,3.66%,0,3.92
decoracion navideña,0,737,0,45452,0%,1.62%,0,6.87
luces de navidad leroy merlin,0,727,0,1087,0%,66.88%,0,1
sillas plegables leroy merlin,0,682,0,1733,0%,39.35%,0,1.27
arbol navidad,0,664,0,17977,0%,3.69%,0,1.87
mesa plegable leroy merlin,0,660,0,2267,0%,29.11%,0,1
luces navidad leroy merlin,0,639,0,799,0%,79.97%,0,1
arboles de navidad leroy merlin,0,621,0,988,0%,62.85%,0,1
leroy merlin luces navidad,0,591,0,712,0%,83.01%,0,1
adornos navideños leroy merlin,0,568,0,831,0%,68.35%,0,1
leroy merlin adornos navidad,0,548,0,640,0%,85.62%,0,1
luces led leroy merlin,0,531,0,806,0%,65.88%,0,1.01
detector de humo,0,512,0,4820,0%,10.62%,0,4.93
leroy merlin navidad 2019,0,472,0,742,0%,63.61%,0,1
leroy merlin arboles de navidad,0,458,0,805,0%,56.89%,0,1
leroy merlin decoracion navidad,0,455,0,518,0%,87.84%,0,1
espejo maquillaje luz leroy merlin,0,451,0,787,0%,57.31%,0,1
adornos de navidad,0,437,0,19802,0%,2.21%,0,5.76
mesa plegable leroy,0,431,0,1600,0%,26.94%,0,1
leroy merlin apertura festivos,0,426,0,746,0%,57.1%,0,1.13
manteles de navidad,0,419,0,5723,0%,7.32%,0,7.34
guirnalda navidad,0,409,0,9041,0%,4.52%,0,1.28
estufa pellets leroy merlin,0,408,0,583,0%,69.98%,0,1
adornos navidad leroy merlin,0,403,0,478,0%,84.31%,0,1
alfombras leroy merlin 2019,0,388,0,702,0%,55.27%,0,1
figuras de belen,0,385,0,3505,0%,10.98%,0,2.5
leroy merlin arbol de navidad,0,382,0,637,0%,59.97%,0,1
puff leroy merlin,0,380,0,868,0%,43.78%,0,1.45
belenes,0,375,0,11923,0%,3.15%,0,4.98
leroy merlin termostato,0,374,0,494,0%,75.71%,0,1.36
navidad leroy merlin,0,374,0,440,0%,85%,0,1
mesas plegables leroy merlin,0,373,0,1241,0%,30.06%,0,1
tira led leroy merlin,0,371,0,463,0%,80.13%,0,1.05
botellero,0,370,0,5182,0%,7.14%,0,2.27
jamonero leroy merlin,0,357,0,818,0%,43.64%,0,1.92
leroy merlin felpudos,0,357,0,420,0%,85%,0,1
estacion meteorologica leroy merlin,0,355,0,476,0%,74.58%,0,1
comprar arbol de navidad,0,353,0,1896,0%,18.62%,0,1.42
leroy merlin estufas de leña,0,353,0,511,0%,69.08%,0,1
huerto urbano,0,351,0,6358,0%,5.52%,0,6.57
bolas de navidad,0,350,0,26720,0%,1.31%,0,4.32
karcher leroy merlin,0,343,0,552,0%,62.14%,0,5.12
maletin de herramientas,0,341,0,4372,0%,7.8%,0,1.36
árbol de navidad,0,339,0,29306,0%,1.16%,0,5.48
leroy merlin asturias,0,338,0,802,0%,42.14%,0,1.72
arboles navidad leroy merlin,0,333,0,535,0%,62.24%,0,1
cajas fuertes leroy merlin,0,333,0,452,0%,73.67%,0,1.07
impresora 3d leroy merlin,0,329,0,421,0%,78.15%,0,1
figuras belen,0,326,0,2482,0%,13.13%,0,1.95
leroy merlin barbacoa,0,326,0,431,0%,75.64%,0,1
leroy merlin marcos para cuadros,0,326,0,370,0%,88.11%,0,1
bonsai leroy merlin,0,322,0,517,0%,62.28%,0,1.88
lwroy merlin,0,321,0,423,0%,75.89%,0,1.45
camino de mesa leroy merlin,0,320,0,533,0%,60.04%,0,1
estantería leroy merlin,0,318,0,415,0%,76.63%,0,1
taladro percutor,0,317,0,6092,0%,5.2%,0,2.74
sillas de escritorio leroy merlin,0,317,0,575,0%,55.13%,0,1.03
resina epoxi leroy merlin,0,316,0,614,0%,51.47%,0,1.18
perchero pared leroy merlin,0,316,0,443,0%,71.33%,0,1
luces navidad exterior,0,315,0,2868,0%,10.98%,0,3.42
motor persiana,0,315,0,2624,0%,12%,0,2.35
espejo joyero leroy merlin,0,315,0,746,0%,42.23%,0,1
leroy merlin estanterias madera,0,313,0,532,0%,58.83%,0,1
leroy merlin persianas,0,312,0,539,0%,57.88%,0,1.39
fresadora leroy merlin,0,312,0,407,0%,76.66%,0,1.07
videoportero leroy merlin,0,311,0,425,0%,73.18%,0,1
mirilla digital leroy merlin,0,310,0,403,0%,76.92%,0,1
alfombra infantil leroy merlin,0,309,0,375,0%,82.4%,0,1
motor puerta corredera,0,306,0,2702,0%,11.32%,0,2.35
alfombras infantiles leroy merlin,0,305,0,533,0%,57.22%,0,1
atornillador electrico leroy merlin,0,304,0,408,0%,74.51%,0,1
alquiler herramientas leroy merlin,0,304,0,406,0%,74.88%,0,1
puerta blindada leroy merlin,0,303,0,396,0%,76.52%,0,1.05
leroy merlin platja d'aro,0,302,0,905,0%,33.37%,0,4.3
socio leroy merlin,0,301,0,407,0%,73.96%,0,1
huerto urbano leroy merlin,0,298,0,577,0%,51.65%,0,1
taladro de columna,0,297,0,4117,0%,7.21%,0,2.8
galan de noche leroy merlin,0,297,0,462,0%,64.29%,0,1
luces led,0,296,0,17416,0%,1.7%,0,5.48
luces leroy merlin,0,296,0,424,0%,69.81%,0,1
leroy merlin massanassa,0,294,0,1056,0%,27.84%,0,4.13
flexos leroy merlin,0,294,0,417,0%,70.5%,0,1
tapa wc leroy merlin,0,292,0,378,0%,77.25%,0,1
casetas de jardin leroy merlin,0,291,0,688,0%,42.3%,0,1
compresores leroy merlin,0,290,0,392,0%,73.98%,0,1
leroy merlin soporte tv,0,289,0,334,0%,86.53%,0,1
taco quimico leroy merlin,0,288,0,409,0%,70.42%,0,1
leroy merlin tarima,0,288,0,349,0%,82.52%,0,1
árboles de navidad,0,287,0,9193,0%,3.12%,0,3.26
tira led,0,287,0,3846,0%,7.46%,0,3.32
cajas fuertes,0,287,0,3548,0%,8.09%,0,3.4
marcos para cuadros leroy merlin,0,287,0,472,0%,60.81%,0,1
cubos de basura leroy merlin,0,287,0,450,0%,63.78%,0,1
motosierras,0,286,0,3562,0%,8.03%,0,5.48
dremel leroy,0,285,0,429,0%,66.43%,0,1.29
atornillador leroy merlin,0,285,0,396,0%,71.97%,0,1
caladora leroy merlin,0,285,0,379,0%,75.2%,0,1
antenas tv,0,284,0,2251,0%,12.62%,0,1.97
leroy merlin murcia sur,0,284,0,768,0%,36.98%,0,3.34
perchero de pie leroy merlin,0,284,0,402,0%,70.65%,0,1
leroy merlin mampara ducha,0,282,0,393,0%,71.76%,0,1
google home mini leroy merlin,0,281,0,395,0%,71.14%,0,2.6
leroy merlin san sebastián de los reyes,0,280,0,1212,0%,23.1%,0,4.07
leroy merlin a coruña,0,280,0,643,0%,43.55%,0,3.3
relojes de pared leroy merlin,0,280,0,466,0%,60.09%,0,1
leroy merlin enchufes,0,280,0,340,0%,82.35%,0,1
caseta perro leroy merlin,0,279,0,381,0%,73.23%,0,1
aislamiento acustico,0,276,0,3513,0%,7.86%,0,3.53
alarmas leroy merlin,0,275,0,417,0%,65.95%,0,1
arbol de navidad barato,0,274,0,2875,0%,9.53%,0,2.06
leroy merlin tienda online,0,274,0,371,0%,73.85%,0,1
leroy merlin sillas,0,273,0,528,0%,51.7%,0,1
espejos ikea,0,272,0,12487,0%,2.18%,0,6.41
hornos de leña,0,272,0,4997,0%,5.44%,0,4.89
losetas vinilicas pared leroy merlin,0,272,0,386,0%,70.47%,0,1.02
microondas leroy merlin,0,272,0,375,0%,72.53%,0,1.07
caldera gas natural,0,270,0,1424,0%,18.96%,0,1.12
manteles leroy merlin,0,270,0,383,0%,70.5%,0,1
leroymerlyn,0,270,0,353,0%,76.49%,0,3.66
bioetanol leroy merlin,0,269,0,509,0%,52.85%,0,1.52
cubos reciclaje leroy merlin,0,268,0,483,0%,55.49%,0,1
lampara pie leroy merlin,0,266,0,346,0%,76.88%,0,1
fresadora madera,0,265,0,2713,0%,9.77%,0,2.2
tarjeta regalo leroy merlin,0,265,0,333,0%,79.58%,0,1
sierra circular,0,264,0,4806,0%,5.49%,0,5.14
generadores electricos,0,264,0,2977,0%,8.87%,0,7.32
liston madera leroy merlin,0,264,0,334,0%,79.04%,0,1
panel led leroy merlin,0,263,0,442,0%,59.5%,0,1.39
leroy merlin osmosis,0,263,0,331,0%,79.46%,0,1
hormigonera leroy merlin,0,263,0,326,0%,80.67%,0,1
leroy merlin ventilador techo,0,263,0,317,0%,82.97%,0,1
leroy merlin.,0,262,0,373,0%,70.24%,0,3.54
leroy merlin catalogo,0,261,0,622,0%,41.96%,0,6.07
conjunto horno y vitroceramica leroy merlin,0,261,0,417,0%,62.59%,0,1
leroy merln,0,261,0,363,0%,71.9%,0,4.24